<?xml version="1.0" encoding="UTF-8"?>
<project-private xmlns="http://www.netbeans.org/ns/project-private/1">
    <editor-bookmarks xmlns="http://www.netbeans.org/ns/editor-bookmarks/2" lastBookmarkId="0"/>
    <open-files xmlns="http://www.netbeans.org/ns/projectui-open-files/2">
        <group>
            <file>file:/C:/Users/rezaa/Desktop/Reza_Aablue/ryEng/Semester%203/COE318/COE318%20Labs/Lab%207/AnalogCircuit/src/coe318/lab7/VoltageSource.java</file>
            <file>file:/C:/Users/rezaa/Desktop/Reza_Aablue/ryEng/Semester%203/COE318/COE318%20Labs/Lab%207/AnalogCircuit/src/coe318/lab7/Circuit.java</file>
            <file>file:/C:/Users/rezaa/Desktop/Reza_Aablue/ryEng/Semester%203/COE318/COE318%20Labs/Lab%207/AnalogCircuit/src/coe318/lab7/UserMain.java</file>
            <file>file:/C:/Users/rezaa/Desktop/Reza_Aablue/ryEng/Semester%203/COE318/COE318%20Labs/Lab%207/AnalogCircuit/src/coe318/lab7/Resistor.java</file>
            <file>file:/C:/Users/rezaa/Desktop/Reza_Aablue/ryEng/Semester%203/COE318/COE318%20Labs/Lab%207/AnalogCircuit/src/coe318/lab7/Elements.java</file>
        </group>
    </open-files>
</project-private>
