<?xml version="1.0" encoding="UTF-8"?>
<project-private xmlns="http://www.netbeans.org/ns/project-private/1">
    <editor-bookmarks xmlns="http://www.netbeans.org/ns/editor-bookmarks/2" lastBookmarkId="0"/>
    <open-files xmlns="http://www.netbeans.org/ns/projectui-open-files/2">
        <group>
            <file>file:/C:/Users/rezaa/Desktop/Reza_Aablue/ryEng/Semester%203/COE318/COE318%20Labs/Lab%206/Circuit/src/coe318/lab6/Circuit.java</file>
            <file>file:/C:/Users/rezaa/Desktop/Reza_Aablue/ryEng/Semester%203/COE318/COE318%20Labs/Lab%206/Circuit/src/coe318/lab6/Node.java</file>
            <file>file:/C:/Users/rezaa/Desktop/Reza_Aablue/ryEng/Semester%203/COE318/COE318%20Labs/Lab%206/Circuit/src/coe318/lab6/CircuitTest.java</file>
            <file>file:/C:/Users/rezaa/Desktop/Reza_Aablue/ryEng/Semester%203/COE318/COE318%20Labs/Lab%206/Circuit/src/coe318/lab6/Resistor.java</file>
        </group>
    </open-files>
</project-private>
